date;groundwaterlevel_m_a_s_l
2020-01-01 00:00;16.48025
2020-01-02 00:00;16.4776
2020-01-03 00:00;16.48235
2020-01-04 00:00;16.43245
2020-01-05 00:00;16.36165
2020-01-06 00:00;16.3745
2020-01-07 00:00;16.3695
2020-01-08 00:00;16.38925
2020-01-09 00:00;16.32345
2020-01-10 00:00;16.2924
2020-01-11 00:00;16.28385
2020-01-12 00:00;16.29265
2020-01-13 00:00;16.23315
2020-01-14 00:00;16.24135
2020-01-15 00:00;16.29575
2020-01-16 00:00;16.2812
2020-01-17 00:00;16.27285
2020-01-18 00:00;16.2936
2020-01-19 00:00;16.2068
2020-01-20 00:00;16.20335
2020-01-21 00:00;16.21445
2020-01-22 00:00;16.1727
2020-01-23 00:00;16.16495
2020-01-24 00:00;16.1698
2020-01-25 00:00;16.11175
2020-01-26 00:00;16.09215
2020-01-27 00:00;16.0725
2020-01-28 00:00;16.0743
2020-01-29 00:00;16.0555
2020-01-30 00:00;16.0331
2020-01-31 00:00;16.0301
2020-02-01 00:00;16.06025
2020-02-02 00:00;16.082
2020-02-03 00:00;16.0579
2020-02-04 00:00;16.04255
2020-02-05 00:00;16.01985
2020-02-06 00:00;15.9896
2020-02-07 00:00;15.97005
2020-02-08 00:00;15.98355
2020-02-09 00:00;16.0344
2020-02-10 00:00;16.09095
2020-02-11 00:00;16.0016
2020-02-12 00:00;15.9591
2020-02-13 00:00;15.9364
2020-02-14 00:00;15.9186
2020-02-15 00:00;15.9558
2020-02-16 00:00;16.03805
2020-02-17 00:00;16.0632
2020-02-18 00:00;16.0439
2020-02-19 00:00;16.0202
2020-02-20 00:00;16.0013
2020-02-21 00:00;16.04605
2020-02-22 00:00;16.0918
2020-02-23 00:00;16.05985
2020-02-24 00:00;15.9945
2020-02-25 00:00;16.02015
2020-02-26 00:00;16.0067
2020-02-27 00:00;15.96535
2020-02-28 00:00;15.9355
2020-02-29 00:00;15.9378
2020-03-01 00:00;15.96705
2020-03-02 00:00;15.9891
2020-03-03 00:00;16.01375
2020-03-04 00:00;16.11945
2020-03-05 00:00;16.28375
2020-03-06 00:00;16.30685
2020-03-07 00:00;16.29745
2020-03-08 00:00;16.3087
2020-03-09 00:00;16.28775
2020-03-10 00:00;16.29015
2020-03-11 00:00;16.30235
2020-03-12 00:00;16.27645
2020-03-13 00:00;16.1834
2020-03-14 00:00;16.1131
2020-03-15 00:00;16.15595
2020-03-16 00:00;16.1208
2020-03-17 00:00;16.1061
2020-03-18 00:00;16.11195
2020-03-19 00:00;16.06385
2020-03-20 00:00;16.01745
2020-03-21 00:00;15.99205
2020-03-22 00:00;15.98105
2020-03-23 00:00;15.9878
2020-03-24 00:00;15.98155
2020-03-25 00:00;15.96695
2020-03-26 00:00;15.93095
2020-03-27 00:00;15.9203
2020-03-28 00:00;15.91005
2020-03-29 00:00;15.8817
2020-03-30 00:00;15.86235
2020-03-31 00:00;15.87175
2020-04-01 00:00;15.88725
2020-04-02 00:00;15.89425
2020-04-03 00:00;15.82365
2020-04-04 00:00;15.74995
2020-04-05 00:00;15.72845
2020-04-06 00:00;15.73935
2020-04-07 00:00;15.73435
2020-04-08 00:00;15.7274
2020-04-09 00:00;15.7201
2020-04-10 00:00;15.688
2020-04-11 00:00;15.68205
2020-04-12 00:00;15.7184
2020-04-13 00:00;15.68095
2020-04-14 00:00;15.65085
2020-04-15 00:00;15.6531
2020-04-16 00:00;15.628
2020-04-17 00:00;15.6007
2020-04-18 00:00;15.58665
2020-04-19 00:00;15.57335
2020-04-20 00:00;15.5596
2020-04-21 00:00;15.55155
2020-04-22 00:00;15.5495
2020-04-23 00:00;15.5553
2020-04-24 00:00;15.5492
2020-04-25 00:00;15.534
2020-04-26 00:00;15.5168
2020-04-27 00:00;15.50295
2020-04-28 00:00;15.49785
2020-04-29 00:00;15.48355
2020-04-30 00:00;15.47755
2020-05-01 00:00;15.48295
2020-05-02 00:00;15.4703
2020-05-03 00:00;15.4585
2020-05-04 00:00;15.45985
2020-05-05 00:00;15.51915
2020-05-06 00:00;15.55325
2020-05-07 00:00;15.54665
2020-05-08 00:00;15.55085
2020-05-09 00:00;15.522
2020-05-10 00:00;15.52705
2020-05-11 00:00;15.53185
2020-05-12 00:00;15.5519
2020-05-13 00:00;15.5398
2020-05-14 00:00;15.52795
2020-05-15 00:00;15.53035
2020-05-16 00:00;15.52255
2020-05-17 00:00;15.50155
2020-05-18 00:00;15.48005
2020-05-19 00:00;15.4761
2020-05-20 00:00;15.4628
2020-05-21 00:00;15.4603
2020-05-22 00:00;15.45755
2020-05-23 00:00;15.46105
2020-05-24 00:00;15.45115
2020-05-25 00:00;15.42495
2020-05-26 00:00;15.417
2020-05-27 00:00;15.41575
2020-05-28 00:00;15.4017
2020-05-29 00:00;15.3945
2020-05-30 00:00;15.38545
2020-05-31 00:00;15.3771
2020-06-01 00:00;15.3724
2020-06-02 00:00;15.36605
2020-06-03 00:00;15.359
2020-06-04 00:00;15.3529
2020-06-05 00:00;15.34675
2020-06-06 00:00;15.3418
2020-06-07 00:00;15.3184
2020-06-08 00:00;15.30845
2020-06-09 00:00;15.2985
2020-06-10 00:00;15.2909
2020-06-11 00:00;15.2837
2020-06-12 00:00;15.27535
2020-06-13 00:00;15.2661
2020-06-14 00:00;15.26
2020-06-15 00:00;15.25485
2020-06-16 00:00;15.25055
2020-06-17 00:00;15.25725
2020-06-18 00:00;15.2582
2020-06-19 00:00;15.2478
2020-06-20 00:00;15.23785
2020-06-21 00:00;15.2294
2020-06-22 00:00;15.22365
2020-06-23 00:00;15.21395
2020-06-24 00:00;15.20415
2020-06-25 00:00;15.19635
2020-06-26 00:00;15.1909
2020-06-27 00:00;15.18445
2020-06-28 00:00;15.1778
2020-06-29 00:00;15.17365
2020-06-30 00:00;15.1721
2020-07-01 00:00;15.16465
2020-07-02 00:00;15.15715
2020-07-03 00:00;15.1481
2020-07-04 00:00;15.1479
2020-07-05 00:00;15.1552
2020-07-06 00:00;15.19265
2020-07-07 00:00;15.1841
2020-07-08 00:00;15.17375
2020-07-09 00:00;15.16105
2020-07-10 00:00;15.15505
2020-07-11 00:00;15.1495
2020-07-12 00:00;15.14145
2020-07-13 00:00;15.13745
2020-07-14 00:00;15.13315
2020-07-15 00:00;15.12935
2020-07-16 00:00;15.1236
2020-07-17 00:00;15.11635
2020-07-18 00:00;15.10985
2020-07-19 00:00;15.1055
2020-07-20 00:00;15.1028
2020-07-21 00:00;15.0988
2020-07-22 00:00;15.09205
2020-07-23 00:00;15.08695
2020-07-24 00:00;15.08205
2020-07-25 00:00;15.07395
2020-07-26 00:00;15.0665
2020-07-27 00:00;15.0631
2020-07-28 00:00;15.06335
2020-07-29 00:00;15.05955
2020-07-30 00:00;15.0555
2020-07-31 00:00;15.05535
2020-08-01 00:00;15.0534
2020-08-02 00:00;15.05195
2020-08-03 00:00;15.04695
2020-08-04 00:00;15.0403
2020-08-05 00:00;15.0344
2020-08-06 00:00;15.02955
2020-08-07 00:00;15.02325
2020-08-08 00:00;15.0186
2020-08-09 00:00;15.0123
2020-08-10 00:00;15.0079
2020-08-11 00:00;15.00355
2020-08-12 00:00;15
2020-08-13 00:00;14.99575
2020-08-14 00:00;14.99335
2020-08-15 00:00;14.98715
2020-08-16 00:00;14.9812
2020-08-17 00:00;14.9771
2020-08-18 00:00;14.9744
2020-08-19 00:00;14.9687
2020-08-20 00:00;14.96375
2020-08-21 00:00;14.95985
2020-08-22 00:00;14.9573
2020-08-23 00:00;14.95255
2020-08-24 00:00;14.948
2020-08-25 00:00;14.9433
2020-08-26 00:00;14.93895
2020-08-27 00:00;14.9344
2020-08-28 00:00;14.9309
2020-08-29 00:00;14.93045
2020-08-30 00:00;14.93015
2020-08-31 00:00;14.9293
2020-09-01 00:00;14.9258
2020-09-02 00:00;14.92285
2020-09-03 00:00;14.92285
2020-09-04 00:00;14.92165
2020-09-05 00:00;14.9166
2020-09-06 00:00;14.91105
2020-09-07 00:00;14.90565
2020-09-08 00:00;14.90285
2020-09-09 00:00;14.9034
2020-09-10 00:00;14.90055
2020-09-11 00:00;14.89635
2020-09-12 00:00;14.8943
2020-09-13 00:00;14.89225
2020-09-14 00:00;14.8896
2020-09-15 00:00;14.88905
2020-09-16 00:00;14.88955
2020-09-17 00:00;14.8835
2020-09-18 00:00;14.87955
2020-09-19 00:00;14.875
2020-09-20 00:00;14.87315
2020-09-21 00:00;14.8719
2020-09-22 00:00;14.86805
2020-09-23 00:00;14.8656
2020-09-24 00:00;14.86275
2020-09-25 00:00;14.85995
2020-09-26 00:00;14.85925
2020-09-27 00:00;14.8596
2020-09-28 00:00;14.8596
2020-09-29 00:00;14.86009091
2020-09-30 00:00;14.8615
2020-10-01 00:00;14.8606
2020-10-02 00:00;14.85915
2020-10-03 00:00;14.8577
2020-10-04 00:00;14.85705
2020-10-05 00:00;14.85535
2020-10-06 00:00;14.85565
2020-10-07 00:00;14.86325
2020-10-08 00:00;14.86285
2020-10-09 00:00;14.86365
2020-10-10 00:00;14.8706
2020-10-11 00:00;14.8737
2020-10-12 00:00;14.87615
2020-10-13 00:00;14.87355
2020-10-14 00:00;14.87095
2020-10-15 00:00;14.86955
2020-10-16 00:00;14.8672
2020-10-17 00:00;14.86695
2020-10-18 00:00;14.866
2020-10-19 00:00;14.8624
2020-10-20 00:00;14.86075
2020-10-21 00:00;14.86105
2020-10-22 00:00;14.8661
2020-10-23 00:00;14.89186667
2020-10-24 00:00;14.91285
2020-10-25 00:00;14.94095
2020-10-26 00:00;14.99875
2020-10-27 00:00;15.10845
2020-10-28 00:00;15.1852
2020-10-29 00:00;15.2129
2020-10-30 00:00;15.21735
2020-10-31 00:00;15.21875
2020-11-01 00:00;15.22975
2020-11-02 00:00;15.25435
2020-11-03 00:00;15.2891
2020-11-04 00:00;15.32045
2020-11-05 00:00;15.33375
2020-11-06 00:00;15.32905
2020-11-07 00:00;15.33325
2020-11-08 00:00;15.3241
2020-11-09 00:00;15.3216
2020-11-10 00:00;15.3211
2020-11-11 00:00;15.3268
2020-11-12 00:00;15.32935
2020-11-13 00:00;15.3293
2020-11-14 00:00;15.3335
2020-11-15 00:00;15.336
2020-11-16 00:00;15.33985
2020-11-17 00:00;15.3383
2020-11-18 00:00;15.34175
2020-11-19 00:00;15.35065
2020-11-20 00:00;15.3289
2020-11-21 00:00;15.36315
2020-11-22 00:00;15.4404
2020-11-23 00:00;15.46275
2020-11-24 00:00;15.47395
2020-11-25 00:00;15.4861
2020-11-26 00:00;15.50075
2020-11-27 00:00;15.51085
2020-11-28 00:00;15.5152
2020-11-29 00:00;15.52615
2020-11-30 00:00;15.54125
2020-12-01 00:00;15.5353
2020-12-02 00:00;15.5592
2020-12-03 00:00;15.5869
2020-12-04 00:00;15.5966
2020-12-05 00:00;15.63945
2020-12-06 00:00;15.6733
2020-12-07 00:00;15.6944
2020-12-08 00:00;15.7003
2020-12-09 00:00;15.702
2020-12-10 00:00;15.71065
2020-12-11 00:00;15.7203
2020-12-12 00:00;15.7139
2020-12-13 00:00;15.71785
2020-12-14 00:00;15.7324
2020-12-15 00:00;15.75145
2020-12-16 00:00;15.7615
2020-12-17 00:00;15.786
2020-12-18 00:00;15.8605
2020-12-19 00:00;15.91335
2020-12-20 00:00;15.93045
2020-12-21 00:00;15.94945
2020-12-22 00:00;15.975
2020-12-23 00:00;16.0222
2020-12-24 00:00;16.03355
2020-12-25 00:00;16.0223
2020-12-26 00:00;16.03265
2020-12-27 00:00;16.11805
2020-12-28 00:00;16.19725
2020-12-29 00:00;16.2711
2020-12-30 00:00;16.32705
2020-12-31 00:00;16.37175
2021-01-01 00:00;16.3823
2021-01-02 00:00;16.39215
2021-01-03 00:00;16.38625
2021-01-04 00:00;16.38935
2021-01-05 00:00;16.3805
2021-01-06 00:00;16.38305
2021-01-07 00:00;16.38015
2021-01-08 00:00;16.33835
2021-01-09 00:00;16.30295
2021-01-10 00:00;16.314
2021-01-11 00:00;16.3141
2021-01-12 00:00;16.4841
2021-01-13 00:00;16.4804
2021-01-14 00:00;16.4384
2021-01-15 00:00;16.4296
2021-01-16 00:00;16.41945
2021-01-17 00:00;16.39235
2021-01-18 00:00;16.383
2021-01-19 00:00;16.364
2021-01-20 00:00;16.3536
2021-01-21 00:00;16.4142
2021-01-22 00:00;16.5647
2021-01-23 00:00;16.6094
2021-01-24 00:00;16.5988
2021-01-25 00:00;16.5775
2021-01-26 00:00;16.53385
2021-01-27 00:00;16.5169
2021-01-28 00:00;16.5048
2021-01-29 00:00;16.48375
2021-01-30 00:00;16.46955
2021-01-31 00:00;16.43855
2021-02-01 00:00;16.3878
2021-02-02 00:00;16.35115
2021-02-03 00:00;16.31075
2021-02-04 00:00;16.26615
2021-02-05 00:00;16.2376
2021-02-06 00:00;16.22165
2021-02-07 00:00;16.2118
2021-02-08 00:00;16.20255
2021-02-09 00:00;16.1879
2021-02-10 00:00;16.15825
2021-02-11 00:00;16.10165
2021-02-12 00:00;16.084
2021-02-13 00:00;16.07595
2021-02-14 00:00;16.0548
2021-02-15 00:00;16.046
2021-02-16 00:00;16.04685
2021-02-17 00:00;16.0054
2021-02-18 00:00;15.98545
2021-02-19 00:00;15.98765
2021-02-20 00:00;15.95445
2021-02-21 00:00;16.0605
2021-02-22 00:00;16.24495
2021-02-23 00:00;16.34805
2021-02-24 00:00;16.4026
2021-02-25 00:00;16.441
2021-02-26 00:00;16.43235
2021-02-27 00:00;16.38385
2021-02-28 00:00;16.38825
2021-03-01 00:00;16.3832
2021-03-02 00:00;16.34505
2021-03-03 00:00;16.3542
2021-03-04 00:00;16.3232
2021-03-05 00:00;16.2684
2021-03-06 00:00;16.28095
2021-03-07 00:00;16.23915
2021-03-08 00:00;16.16765
2021-03-09 00:00;16.16155
2021-03-10 00:00;16.1167
2021-03-11 00:00;16.184
2021-03-12 00:00;16.18685
2021-03-13 00:00;16.1367
2021-03-14 00:00;16.1176
2021-03-15 00:00;16.0773
2021-03-16 00:00;16.0419
2021-03-17 00:00;16.0294
2021-03-18 00:00;16.0351
2021-03-19 00:00;16.00815
2021-03-20 00:00;16.0538
2021-03-21 00:00;16.0268
2021-03-22 00:00;15.97875
2021-03-23 00:00;15.9527
2021-03-24 00:00;15.94945
2021-03-25 00:00;15.92735
2021-03-26 00:00;15.90435
2021-03-27 00:00;15.90255
2021-03-28 00:00;15.88565
2021-03-29 00:00;15.86695
2021-03-30 00:00;15.8452
2021-03-31 00:00;15.8301
2021-04-01 00:00;15.8182
2021-04-02 00:00;15.8169
2021-04-03 00:00;15.7918
2021-04-04 00:00;15.8289
2021-04-05 00:00;15.8445
2021-04-06 00:00;15.7894
2021-04-07 00:00;15.7446
2021-04-08 00:00;15.7268
2021-04-09 00:00;15.7532
2021-04-10 00:00;15.71295
2021-04-11 00:00;15.70165
2021-04-12 00:00;15.7598
2021-04-13 00:00;15.80095
2021-04-14 00:00;15.799
2021-04-15 00:00;15.7926
2021-04-16 00:00;15.7981
2021-04-17 00:00;15.79065
2021-04-18 00:00;15.7782
2021-04-19 00:00;15.7668
2021-04-20 00:00;15.7728
2021-04-21 00:00;15.7852
2021-04-22 00:00;15.7436
2021-04-23 00:00;15.732
2021-04-24 00:00;15.7279
2021-04-25 00:00;15.7229
2021-04-26 00:00;15.72245
2021-04-27 00:00;15.7152
2021-04-28 00:00;15.70385
2021-04-29 00:00;15.69185
2021-04-30 00:00;15.6828
2021-05-01 00:00;15.6639
2021-05-02 00:00;15.655
2021-05-03 00:00;15.65335
2021-05-04 00:00;15.6493
2021-05-05 00:00;15.65055
2021-05-06 00:00;15.662
2021-05-07 00:00;15.6682
2021-05-08 00:00;15.6663
2021-05-09 00:00;15.6691
2021-05-10 00:00;15.676
2021-05-11 00:00;15.67515
2021-05-12 00:00;15.6809
2021-05-13 00:00;15.67665
2021-05-14 00:00;15.66605
2021-05-15 00:00;15.65445
2021-05-16 00:00;15.6379
2021-05-17 00:00;15.64175
2021-05-18 00:00;15.6343
2021-05-19 00:00;15.6307
2021-05-20 00:00;15.6209
2021-05-21 00:00;15.6206
2021-05-22 00:00;15.6108
2021-05-23 00:00;15.596
2021-05-24 00:00;15.5955
2021-05-25 00:00;15.61015
2021-05-26 00:00;15.6888
2021-05-27 00:00;16.0562
2021-05-28 00:00;16.16985
2021-05-29 00:00;16.18065
2021-05-30 00:00;16.17175
2021-05-31 00:00;16.15255
2021-06-01 00:00;16.10035
2021-06-02 00:00;16.0503
2021-06-03 00:00;16.0235
2021-06-04 00:00;16.00645
2021-06-05 00:00;15.98755
2021-06-06 00:00;15.9542
2021-06-07 00:00;15.9212
2021-06-08 00:00;15.90935
2021-06-09 00:00;15.90915
2021-06-10 00:00;15.881
2021-06-11 00:00;15.85755
2021-06-12 00:00;15.86385
2021-06-13 00:00;15.8088
2021-06-14 00:00;15.7993
2021-06-15 00:00;15.7697
2021-06-16 00:00;15.74544
2021-06-17 00:00;15.7069
2021-06-18 00:00;15.68995
2021-06-19 00:00;15.6655
2021-06-20 00:00;15.64775
2021-06-21 00:00;15.6261
2021-06-22 00:00;15.60315
2021-06-23 00:00;15.58175
2021-06-24 00:00;15.5691
2021-06-25 00:00;15.5596
2021-06-26 00:00;15.54195
2021-06-27 00:00;15.52535
2021-06-28 00:00;15.5127
2021-06-29 00:00;15.495
2021-06-30 00:00;15.47535
2021-07-01 00:00;15.45765
2021-07-02 00:00;15.4404
2021-07-03 00:00;15.42245
2021-07-04 00:00;15.4063
2021-07-05 00:00;15.39295
2021-07-06 00:00;15.3811
2021-07-07 00:00;15.3692
2021-07-08 00:00;15.35655
2021-07-09 00:00;15.34755
2021-07-10 00:00;15.3442
2021-07-11 00:00;15.32645
2021-07-12 00:00;15.3108
2021-07-13 00:00;15.3013
2021-07-14 00:00;15.29185
2021-07-15 00:00;15.28035
2021-07-16 00:00;15.2622
2021-07-17 00:00;15.25555
2021-07-18 00:00;15.2452
2021-07-19 00:00;15.23245
2021-07-20 00:00;15.22495
2021-07-21 00:00;15.21075
2021-07-22 00:00;15.20285
2021-07-23 00:00;15.19135
2021-07-24 00:00;15.1821
2021-07-25 00:00;15.1715
2021-07-26 00:00;15.1617
2021-07-27 00:00;15.15515
2021-07-28 00:00;15.1557
2021-07-29 00:00;15.1511
2021-07-30 00:00;15.14455
2021-07-31 00:00;15.132
2021-08-01 00:00;15.1251
2021-08-02 00:00;15.1164
2021-08-03 00:00;15.1062
2021-08-04 00:00;15.09765
2021-08-05 00:00;15.0903
2021-08-06 00:00;15.084
2021-08-07 00:00;15.08275
2021-08-08 00:00;15.0852
2021-08-09 00:00;15.0816
2021-08-10 00:00;15.07945
2021-08-11 00:00;15.07895
2021-08-12 00:00;15.07415
2021-08-13 00:00;15.07095
2021-08-14 00:00;15.06935
2021-08-15 00:00;15.06625
2021-08-16 00:00;15.0635
2021-08-17 00:00;15.06465
2021-08-18 00:00;15.07985
2021-08-19 00:00;15.0898
2021-08-20 00:00;15.0819
2021-08-21 00:00;15.0739
2021-08-22 00:00;15.06715
2021-08-23 00:00;15.06155
2021-08-24 00:00;15.0597
2021-08-25 00:00;15.0659
2021-08-26 00:00;15.06015
2021-08-27 00:00;15.07325
2021-08-28 00:00;15.08445
2021-08-29 00:00;15.0832
2021-08-30 00:00;15.07725
2021-08-31 00:00;15.07115
2021-09-01 00:00;15.0655
2021-09-02 00:00;15.06085
2021-09-03 00:00;15.05695
2021-09-04 00:00;15.0516
2021-09-05 00:00;15.04865
2021-09-06 00:00;15.0465
2021-09-07 00:00;15.04495
2021-09-08 00:00;15.04205
2021-09-09 00:00;15.0382
2021-09-10 00:00;15.0359
2021-09-11 00:00;15.03575
2021-09-12 00:00;15.0352
2021-09-13 00:00;15.0282
2021-09-14 00:00;15.02335
2021-09-15 00:00;15.0194
2021-09-16 00:00;15.0181
2021-09-17 00:00;15.01445
2021-09-18 00:00;15.01025
2021-09-19 00:00;15.0068
2021-09-20 00:00;15.004
2021-09-21 00:00;15.0036
2021-09-22 00:00;15.00215
2021-09-23 00:00;15.0075
2021-09-24 00:00;15.0011
2021-09-25 00:00;14.99615
2021-09-26 00:00;14.9903
2021-09-27 00:00;14.9884
2021-09-28 00:00;14.98695
2021-09-29 00:00;14.98495
2021-09-30 00:00;14.9844
2021-10-01 00:00;14.98275
2021-10-02 00:00;14.9801
2021-10-03 00:00;14.9792
2021-10-04 00:00;14.97615
2021-10-05 00:00;14.97385
2021-10-06 00:00;14.97455
2021-10-07 00:00;14.97375
2021-10-08 00:00;14.9736
2021-10-09 00:00;14.97355
2021-10-10 00:00;14.97435
2021-10-11 00:00;14.97505
2021-10-12 00:00;14.9721
2021-10-13 00:00;14.97245
2021-10-14 00:00;14.97575
2021-10-15 00:00;14.97595
2021-10-16 00:00;14.97095
2021-10-17 00:00;14.9684
2021-10-18 00:00;14.9657
2021-10-19 00:00;14.96765
2021-10-20 00:00;14.9757
2021-10-21 00:00;14.972
2021-10-22 00:00;14.96585
2021-10-23 00:00;14.96075
2021-10-24 00:00;14.9641
2021-10-25 00:00;14.96735
2021-10-26 00:00;14.9676
2021-10-27 00:00;14.9665
2021-10-28 00:00;14.9664
2021-10-29 00:00;14.972
2021-10-30 00:00;14.9767
2021-10-31 00:00;14.9801
2021-11-01 00:00;14.98205
2021-11-02 00:00;14.9811
2021-11-03 00:00;14.9816
2021-11-04 00:00;14.98165
2021-11-05 00:00;14.98925
2021-11-06 00:00;14.9919
2021-11-07 00:00;14.99635
2021-11-08 00:00;14.99955
2021-11-09 00:00;15.01245
2021-11-10 00:00;15.03965
2021-11-11 00:00;15.05985
2021-11-12 00:00;15.0657
2021-11-13 00:00;15.0703
2021-11-14 00:00;15.0728
2021-11-15 00:00;15.08
2021-11-16 00:00;15.0862
2021-11-17 00:00;15.0901
2021-11-18 00:00;15.08985
2021-11-19 00:00;15.09215
2021-11-20 00:00;15.08845
2021-11-21 00:00;15.08585
2021-11-22 00:00;15.0858
2021-11-23 00:00;15.08635
2021-11-24 00:00;15.0892
2021-11-25 00:00;15.09155
2021-11-26 00:00;15.08785
2021-11-27 00:00;15.0844
2021-11-28 00:00;15.0833
2021-11-29 00:00;15.08325
2021-11-30 00:00;15.08575
2021-12-01 00:00;15.08245
2021-12-02 00:00;15.08035
2021-12-03 00:00;15.0748
2021-12-04 00:00;15.0697
2021-12-05 00:00;15.06285
2021-12-06 00:00;15.06255
2021-12-07 00:00;15.0612
2021-12-08 00:00;15.059
2021-12-09 00:00;15.05765
2021-12-10 00:00;15.0572
2021-12-11 00:00;15.05115
2021-12-12 00:00;15.04635
2021-12-13 00:00;15.04415
2021-12-14 00:00;15.04445
2021-12-15 00:00;15.0427
2021-12-16 00:00;15.0374
2021-12-17 00:00;15.0329
2021-12-18 00:00;15.03795
2021-12-19 00:00;15.0382
2021-12-20 00:00;15.03065
2021-12-21 00:00;15.0312
2021-12-22 00:00;15.03195
2021-12-23 00:00;15.0419
2021-12-24 00:00;15.03945
2021-12-25 00:00;15.0338
2021-12-26 00:00;15.02715
2021-12-27 00:00;15.02425
2021-12-28 00:00;15.02575
2021-12-29 00:00;15.0227
2021-12-30 00:00;15.023
2021-12-31 00:00;15.0196
2022-01-01 00:00;15.01445
2022-01-02 00:00;15.02825
2022-01-03 00:00;15.0338
2022-01-04 00:00;15.0627
2022-01-05 00:00;15.0881
2022-01-06 00:00;15.09345
2022-01-07 00:00;15.1024
2022-01-08 00:00;15.11135
2022-01-09 00:00;15.11005
2022-01-10 00:00;15.10495
2022-01-11 00:00;15.11245
2022-01-12 00:00;15.1202
2022-01-13 00:00;15.1315
2022-01-14 00:00;15.1623
2022-01-15 00:00;15.1893
2022-01-16 00:00;15.21615
2022-01-17 00:00;15.2116
2022-01-18 00:00;15.2142
2022-01-19 00:00;15.2346
2022-01-20 00:00;15.2511
2022-01-21 00:00;15.26645
2022-01-22 00:00;15.2792
2022-01-23 00:00;15.28925
2022-01-24 00:00;15.29635
2022-01-25 00:00;15.30305
2022-01-26 00:00;15.32115
2022-01-27 00:00;15.32685
2022-01-28 00:00;15.30545
2022-01-29 00:00;15.34805
2022-01-30 00:00;15.42265
2022-01-31 00:00;15.49205
2022-02-01 00:00;15.5189
2022-02-02 00:00;15.50695
2022-02-03 00:00;15.50275
2022-02-04 00:00;15.5269
2022-02-05 00:00;15.57785
2022-02-06 00:00;15.61395
2022-02-07 00:00;15.5875
2022-02-08 00:00;15.59335
2022-02-09 00:00;15.59625
2022-02-10 00:00;15.5886
2022-02-11 00:00;15.5623
2022-02-12 00:00;15.5608
2022-02-13 00:00;15.57395
2022-02-14 00:00;15.5957
2022-02-15 00:00;15.715
2022-02-16 00:00;15.8418
2022-02-17 00:00;15.9133
2022-02-18 00:00;15.885
2022-02-19 00:00;15.8707
2022-02-20 00:00;15.8455
2022-02-21 00:00;15.8788
2022-02-22 00:00;15.77715
2022-02-23 00:00;15.77365
2022-02-24 00:00;15.81875
2022-02-25 00:00;15.88385
2022-02-26 00:00;15.8396
2022-02-27 00:00;15.8699
2022-02-28 00:00;15.87785
2022-03-01 00:00;15.88125
2022-03-02 00:00;15.87305
2022-03-03 00:00;15.8494
2022-03-04 00:00;15.82745
2022-03-05 00:00;15.831
2022-03-06 00:00;15.8188
2022-03-07 00:00;15.7915
2022-03-08 00:00;15.7794
2022-03-09 00:00;15.7569
2022-03-10 00:00;15.76772308
2022-03-11 00:00;15.81875
2022-03-12 00:00;15.83485
2022-03-13 00:00;15.82585
2022-03-14 00:00;15.8163
2022-03-15 00:00;15.82515
2022-03-16 00:00;15.8107
2022-03-17 00:00;15.8036
2022-03-18 00:00;15.8043
2022-03-19 00:00;15.8233
2022-03-20 00:00;15.85875
2022-03-21 00:00;15.8776
2022-03-22 00:00;15.8877
2022-03-23 00:00;15.88155
2022-03-24 00:00;15.88325
2022-03-25 00:00;15.90145
2022-03-26 00:00;15.88425
2022-03-27 00:00;15.90795
2022-03-28 00:00;15.9398
2022-03-29 00:00;15.9012
2022-03-30 00:00;15.8921
2022-03-31 00:00;15.85725
2022-04-01 00:00;15.82365
2022-04-02 00:00;15.8173
2022-04-03 00:00;15.822
2022-04-04 00:00;15.84695
2022-04-05 00:00;15.81745
2022-04-06 00:00;15.7944
2022-04-07 00:00;15.8129
2022-04-08 00:00;15.88465
2022-04-09 00:00;15.9712
2022-04-10 00:00;15.99025
2022-04-11 00:00;16.05985
2022-04-12 00:00;16.11765
2022-04-13 00:00;16.15255
2022-04-14 00:00;16.1733
2022-04-15 00:00;16.1468
2022-04-16 00:00;16.16285
2022-04-17 00:00;16.17965
2022-04-18 00:00;16.1947
2022-04-19 00:00;16.1726
2022-04-20 00:00;16.15635
2022-04-21 00:00;16.14635
2022-04-22 00:00;16.1368
2022-04-23 00:00;16.12635
2022-04-24 00:00;16.10705
2022-04-25 00:00;16.09845
2022-04-26 00:00;16.0463
2022-04-27 00:00;16.0022
2022-04-28 00:00;15.9916
2022-04-29 00:00;15.9551
2022-04-30 00:00;15.94555
2022-05-01 00:00;15.92625
2022-05-02 00:00;15.9349
2022-05-03 00:00;15.88145
2022-05-04 00:00;15.84865
2022-05-05 00:00;15.83655
2022-05-06 00:00;15.80955
2022-05-07 00:00;15.7892
2022-05-08 00:00;15.7491
2022-05-09 00:00;15.74235
2022-05-10 00:00;15.7547
2022-05-11 00:00;15.748
2022-05-12 00:00;15.73305
2022-05-13 00:00;15.70235
2022-05-14 00:00;15.6829
2022-05-15 00:00;15.6477
2022-05-16 00:00;15.6273
2022-05-17 00:00;15.60895
2022-05-18 00:00;15.60365
2022-05-19 00:00;15.59205
2022-05-20 00:00;15.57575
2022-05-21 00:00;15.5624
2022-05-22 00:00;15.5421
2022-05-23 00:00;15.5284
2022-05-24 00:00;15.51595
2022-05-25 00:00;15.5032
2022-05-26 00:00;15.49325
2022-05-27 00:00;15.4836
2022-05-28 00:00;15.46395
2022-05-29 00:00;15.44555
2022-05-30 00:00;15.42915
2022-05-31 00:00;15.42825
2022-06-01 00:00;15.41385
2022-06-02 00:00;15.4191
2022-06-03 00:00;15.457
2022-06-04 00:00;15.4528
2022-06-05 00:00;15.4368
2022-06-06 00:00;15.417
2022-06-07 00:00;15.4088
2022-06-08 00:00;15.40125
2022-06-09 00:00;15.3809
2022-06-10 00:00;15.36705
2022-06-11 00:00;15.3572
2022-06-12 00:00;15.349
2022-06-13 00:00;15.3397
2022-06-14 00:00;15.3257
2022-06-15 00:00;15.3145
2022-06-16 00:00;15.30575
2022-06-17 00:00;15.2966
2022-06-18 00:00;15.298
2022-06-19 00:00;15.2822
2022-06-20 00:00;15.2726
2022-06-21 00:00;15.2639
2022-06-22 00:00;15.2557
2022-06-23 00:00;15.24545
2022-06-24 00:00;15.23375
2022-06-25 00:00;15.22285
2022-06-26 00:00;15.2123
2022-06-27 00:00;15.2029
2022-06-28 00:00;15.19405
2022-06-29 00:00;15.1884
2022-06-30 00:00;15.1835
2022-07-01 00:00;15.18275
2022-07-02 00:00;15.1748
2022-07-03 00:00;15.1622
2022-07-04 00:00;15.158
2022-07-05 00:00;15.15125
2022-07-06 00:00;15.1443
2022-07-07 00:00;15.1394
2022-07-08 00:00;15.1308
2022-07-09 00:00;15.1268
2022-07-10 00:00;15.11585
2022-07-11 00:00;15.1074
2022-07-12 00:00;15.0995
2022-07-13 00:00;15.0944
2022-07-14 00:00;15.08735
2022-07-15 00:00;15.08045
2022-07-16 00:00;15.0722
2022-07-17 00:00;15.0639
2022-07-18 00:00;15.0582
2022-07-19 00:00;15.0515
2022-07-20 00:00;15.04365
2022-07-21 00:00;15.0376
2022-07-22 00:00;15.0321
2022-07-23 00:00;15.03115
2022-07-24 00:00;15.02275
2022-07-25 00:00;15.01695
2022-07-26 00:00;15.0163
2022-07-27 00:00;15.01055
2022-07-28 00:00;15.0028
2022-07-29 00:00;14.99705
2022-07-30 00:00;14.99255
2022-07-31 00:00;14.9865
2022-08-01 00:00;14.98135
2022-08-02 00:00;14.97545
2022-08-03 00:00;14.9704
2022-08-04 00:00;14.9646
2022-08-05 00:00;14.96255
2022-08-06 00:00;14.96395
2022-08-07 00:00;14.96
2022-08-08 00:00;14.9537
2022-08-09 00:00;14.94785
2022-08-10 00:00;14.94355
2022-08-11 00:00;14.93855
2022-08-12 00:00;14.93305
2022-08-13 00:00;14.92935
2022-08-14 00:00;14.9244
2022-08-15 00:00;14.9204
2022-08-16 00:00;14.91645
2022-08-17 00:00;14.91205
2022-08-18 00:00;14.9075
2022-08-19 00:00;14.90605
2022-08-20 00:00;14.90635
2022-08-21 00:00;14.90905
2022-08-22 00:00;14.906
2022-08-23 00:00;14.90325
2022-08-24 00:00;14.9007
2022-08-25 00:00;14.8969
2022-08-26 00:00;14.89315
2022-08-27 00:00;14.89115
2022-08-28 00:00;14.89505
2022-08-29 00:00;14.9091
2022-08-30 00:00;14.90615
2022-08-31 00:00;14.90185
2022-09-01 00:00;14.8987
2022-09-02 00:00;14.8962
2022-09-03 00:00;14.8943
2022-09-04 00:00;14.8921
2022-09-05 00:00;14.88975
2022-09-06 00:00;14.88665
2022-09-07 00:00;14.88445
2022-09-08 00:00;14.882
2022-09-09 00:00;14.87955
2022-09-10 00:00;14.8771
2022-09-11 00:00;14.87455
2022-09-12 00:00;14.87205
2022-09-13 00:00;14.8741
2022-09-14 00:00;14.89785
2022-09-15 00:00;14.9067
2022-09-16 00:00;14.9029
2022-09-17 00:00;14.8979
2022-09-18 00:00;14.8936
2022-09-19 00:00;14.8901
2022-09-20 00:00;14.8863
2022-09-21 00:00;14.87865
2022-09-22 00:00;14.8676
2022-09-23 00:00;14.867
2022-09-24 00:00;14.8659
2022-09-25 00:00;14.8649
2022-09-26 00:00;14.8648
2022-09-27 00:00;14.8637
2022-09-28 00:00;14.8624
2022-09-29 00:00;14.8611
2022-09-30 00:00;14.8594
2022-10-01 00:00;14.8586
2022-10-02 00:00;14.8573
2022-10-03 00:00;14.8562
2022-10-04 00:00;14.8551
2022-10-05 00:00;14.8544
2022-10-06 00:00;14.8531
2022-10-07 00:00;14.8518
2022-10-08 00:00;14.8506
2022-10-09 00:00;14.8487
2022-10-10 00:00;14.8476
2022-10-11 00:00;14.8467
2022-10-12 00:00;14.8452
2022-10-13 00:00;14.8441
2022-10-14 00:00;14.8435
2022-10-15 00:00;14.8425
2022-10-16 00:00;14.8412
2022-10-17 00:00;14.8397
2022-10-18 00:00;14.8405
2022-10-19 00:00;14.8409
2022-10-20 00:00;14.8412
2022-10-21 00:00;14.8418
2022-10-22 00:00;14.8421
2022-10-23 00:00;14.8411
2022-10-24 00:00;14.8409
2022-10-25 00:00;14.8412
2022-10-26 00:00;14.8423
2022-10-27 00:00;14.8445
2022-10-28 00:00;14.8465
2022-10-29 00:00;14.8484
2022-10-30 00:00;14.8468
2022-10-31 00:00;14.8475
2022-11-01 00:00;14.8478
2022-11-02 00:00;14.8483
2022-11-03 00:00;14.8473
2022-11-04 00:00;14.847
2022-11-05 00:00;14.8465
2022-11-06 00:00;14.8462
2022-11-07 00:00;14.8463
2022-11-08 00:00;14.8487
2022-11-09 00:00;14.859
2022-11-10 00:00;14.8679
2022-11-11 00:00;14.8743
2022-11-12 00:00;14.8771
2022-11-13 00:00;14.8793
2022-11-14 00:00;14.8837
2022-11-15 00:00;14.8867
2022-11-16 00:00;14.8884
2022-11-17 00:00;14.8903
2022-11-18 00:00;14.8912
2022-11-19 00:00;14.8924
2022-11-20 00:00;14.8939
2022-11-21 00:00;14.895
2022-11-22 00:00;14.895
2022-11-23 00:00;14.8949
2022-11-24 00:00;14.8955
2022-11-25 00:00;14.8959
2022-11-26 00:00;14.8975
2022-11-27 00:00;14.9011
2022-11-28 00:00;14.9068
2022-11-29 00:00;14.9151
2022-11-30 00:00;14.9355
2022-12-01 00:00;14.9606
2022-12-02 00:00;14.9752
2022-12-03 00:00;14.986
2022-12-04 00:00;14.9946
2022-12-05 00:00;15.0027
2022-12-06 00:00;15.0112
2022-12-07 00:00;15.0148
2022-12-08 00:00;15.0174
2022-12-09 00:00;15.0174
2022-12-10 00:00;15.0184
2022-12-11 00:00;15.0189
2022-12-12 00:00;15.0221
2022-12-13 00:00;15.0257
2022-12-14 00:00;15.0268
2022-12-15 00:00;15.0252
2022-12-16 00:00;15.0229
2022-12-17 00:00;15.024
2022-12-18 00:00;15.0253
2022-12-19 00:00;15.026
2022-12-20 00:00;15.0303
2022-12-21 00:00;15.0334
2022-12-22 00:00;15.049
2022-12-23 00:00;15.0693
2022-12-24 00:00;15.0859
2022-12-25 00:00;15.0975
2022-12-26 00:00;15.1104
2022-12-27 00:00;15.1208
2022-12-28 00:00;15.1298
2022-12-29 00:00;15.1463
2022-12-30 00:00;15.1781
2022-12-31 00:00;15.2339
2023-01-01 00:00;15.2766
2023-01-02 00:00;15.3053
2023-01-03 00:00;15.3263
2023-01-04 00:00;15.3536
2023-01-05 00:00;15.3545
2023-01-06 00:00;15.3573
2023-01-07 00:00;15.3666
2023-01-08 00:00;15.3792
2023-01-09 00:00;15.4909
2023-01-10 00:00;15.5732
2023-01-11 00:00;15.6813
2023-01-12 00:00;15.8094
2023-01-13 00:00;15.9082
2023-01-14 00:00;16.0472
2023-01-15 00:00;16.2282
2023-01-16 00:00;16.315
2023-01-17 00:00;16.3536
2023-01-18 00:00;16.3887
2023-01-19 00:00;16.3901
2023-01-20 00:00;16.3624
2023-01-21 00:00;16.3321
2023-01-22 00:00;16.3489
2023-01-23 00:00;16.3593
2023-01-24 00:00;16.3679
2023-01-25 00:00;16.3867
2023-01-26 00:00;16.3581
2023-01-27 00:00;16.3358
2023-01-28 00:00;16.368
2023-01-29 00:00;16.3812
2023-01-30 00:00;16.4017
2023-01-31 00:00;16.3005
2023-02-01 00:00;16.2839
2023-02-02 00:00;16.2039
2023-02-03 00:00;16.1854
2023-02-04 00:00;16.1161
2023-02-05 00:00;16.1362
2023-02-06 00:00;16.104
2023-02-07 00:00;16.0999
2023-02-08 00:00;16.0798
2023-02-09 00:00;16.1145
2023-02-10 00:00;16.0747
2023-02-11 00:00;16.0336
2023-02-12 00:00;15.9828
2023-02-13 00:00;15.969
2023-02-14 00:00;15.9403
2023-02-15 00:00;15.9573
2023-02-16 00:00;15.9715
2023-02-17 00:00;15.9957
2023-02-18 00:00;16.0252
2023-02-19 00:00;16.0214
2023-02-20 00:00;16.0741
2023-02-21 00:00;15.9943
2023-02-22 00:00;15.9491
2023-02-23 00:00;15.9875
2023-02-24 00:00;15.9983
2023-02-25 00:00;15.938
2023-02-26 00:00;15.8836
2023-02-27 00:00;15.8672
2023-02-28 00:00;15.8719
2023-03-01 00:00;15.8814
2023-03-02 00:00;15.9159
2023-03-03 00:00;15.9526
2023-03-04 00:00;15.9559
2023-03-05 00:00;15.9533
2023-03-06 00:00;15.9321
2023-03-07 00:00;15.9246
2023-03-08 00:00;15.9036
2023-03-09 00:00;15.8444
2023-03-10 00:00;15.8249
2023-03-11 00:00;15.8178
2023-03-12 00:00;15.7946
2023-03-13 00:00;15.8072
2023-03-14 00:00;15.8808
2023-03-15 00:00;15.9656
2023-03-16 00:00;15.9837
2023-03-17 00:00;16.0229
2023-03-18 00:00;16.0529
2023-03-19 00:00;16.1349
2023-03-20 00:00;16.2738
2023-03-21 00:00;16.3416
2023-03-22 00:00;16.4056
2023-03-23 00:00;16.4381
2023-03-24 00:00;16.454
2023-03-25 00:00;16.5553
2023-03-26 00:00;16.5568
2023-03-27 00:00;16.545
2023-03-28 00:00;16.514
2023-03-29 00:00;16.5055
2023-03-30 00:00;16.5035
2023-03-31 00:00;16.4917
2023-04-01 00:00;16.4532
2023-04-02 00:00;16.4176
2023-04-03 00:00;16.4277
2023-04-04 00:00;16.4481
2023-04-05 00:00;16.4312
2023-04-06 00:00;16.4008
2023-04-07 00:00;16.4024
2023-04-08 00:00;16.4256
2023-04-09 00:00;16.478
2023-04-10 00:00;16.5142
2023-04-11 00:00;16.5425
2023-04-12 00:00;16.5195
2023-04-13 00:00;16.4906
2023-04-14 00:00;16.4578
2023-04-15 00:00;16.4357
2023-04-16 00:00;16.4151
2023-04-17 00:00;16.3794
2023-04-18 00:00;16.3494
2023-04-19 00:00;16.3356
2023-04-20 00:00;16.3246
2023-04-21 00:00;16.3173
2023-04-22 00:00;16.3116
2023-04-23 00:00;16.2926
2023-04-24 00:00;16.2473
2023-04-25 00:00;16.2405
2023-04-26 00:00;16.2194
2023-04-27 00:00;16.1789
2023-04-28 00:00;16.1412
2023-04-29 00:00;16.1407
2023-04-30 00:00;16.1051
2023-05-01 00:00;16.0844
2023-05-02 00:00;16.0996
2023-05-03 00:00;16.0748
2023-05-04 00:00;16.055
2023-05-05 00:00;16.0417
2023-05-06 00:00;16.0302
2023-05-07 00:00;16.0105
2023-05-08 00:00;15.9907
2023-05-09 00:00;15.9801
2023-05-10 00:00;15.9534
2023-05-11 00:00;15.9182
2023-05-12 00:00;15.8892
2023-05-13 00:00;15.8676
2023-05-14 00:00;15.855
2023-05-15 00:00;15.8427
2023-05-16 00:00;15.8369
2023-05-17 00:00;15.8023
2023-05-18 00:00;15.7599
2023-05-19 00:00;15.7506
2023-05-20 00:00;15.7392
2023-05-21 00:00;15.7304
2023-05-22 00:00;15.7161
2023-05-23 00:00;15.7012
2023-05-24 00:00;15.6702
2023-05-25 00:00;15.6446
2023-05-26 00:00;15.619
2023-05-27 00:00;15.5982
2023-05-28 00:00;15.5931
2023-05-29 00:00;15.5647
2023-05-30 00:00;15.5425
2023-05-31 00:00;15.5357
2023-06-01 00:00;15.5137
2023-06-02 00:00;15.492
2023-06-03 00:00;15.481
2023-06-04 00:00;15.4643
2023-06-05 00:00;15.4506
2023-06-06 00:00;15.4331
2023-06-07 00:00;15.4158
2023-06-08 00:00;15.4032
2023-06-09 00:00;15.3825
2023-06-10 00:00;15.3684
2023-06-11 00:00;15.3558
2023-06-12 00:00;15.3448
2023-06-13 00:00;15.3319
2023-06-14 00:00;15.3157
2023-06-15 00:00;15.3026
2023-06-16 00:00;15.291
2023-06-17 00:00;15.2781
2023-06-18 00:00;15.271
2023-06-19 00:00;15.2645
2023-06-20 00:00;15.2532
2023-06-21 00:00;15.24
2023-06-22 00:00;15.2308
2023-06-23 00:00;15.2163
2023-06-24 00:00;15.2035
2023-06-25 00:00;15.1937
2023-06-26 00:00;15.1856
2023-06-27 00:00;15.1781
2023-06-28 00:00;15.1664
2023-06-29 00:00;15.158
2023-06-30 00:00;15.1514
2023-07-01 00:00;15.1475
2023-07-02 00:00;15.1446
2023-07-03 00:00;15.1476
2023-07-04 00:00;15.1407
2023-07-05 00:00;15.131
2023-07-06 00:00;15.1282
2023-07-07 00:00;15.1239
2023-07-08 00:00;15.1157
2023-07-09 00:00;15.1091
2023-07-10 00:00;15.102
2023-07-11 00:00;15.096
2023-07-12 00:00;15.0918
2023-07-13 00:00;15.087
2023-07-14 00:00;15.0792
2023-07-15 00:00;15.0707
2023-07-16 00:00;15.0702
2023-07-17 00:00;15.0635
2023-07-18 00:00;15.059
2023-07-19 00:00;15.0555
2023-07-20 00:00;15.0491
2023-07-21 00:00;15.0424
2023-07-22 00:00;15.0355
2023-07-23 00:00;15.0289
2023-07-24 00:00;15.0234
2023-07-25 00:00;15.0204
2023-07-26 00:00;15.0122
2023-07-27 00:00;15.0052
2023-07-28 00:00;15.0019
2023-07-29 00:00;14.9955
2023-07-30 00:00;14.9913
2023-07-31 00:00;14.9949
2023-08-01 00:00;14.9936
2023-08-02 00:00;14.9914
2023-08-03 00:00;14.99
2023-08-04 00:00;14.9882
2023-08-05 00:00;14.985
2023-08-06 00:00;14.9846
2023-08-07 00:00;15.0029
2023-08-08 00:00;15.0262
2023-08-09 00:00;15.0443
2023-08-10 00:00;15.0525
2023-08-11 00:00;15.0648
2023-08-12 00:00;15.0645
2023-08-13 00:00;15.0619
2023-08-14 00:00;15.0542
2023-08-15 00:00;15.0473
2023-08-16 00:00;15.0435
2023-08-17 00:00;15.0381
2023-08-18 00:00;15.0338
2023-08-19 00:00;15.0306
2023-08-20 00:00;15.0281
2023-08-21 00:00;15.0481
2023-08-22 00:00;15.0715
2023-08-23 00:00;15.1879
2023-08-24 00:00;15.2173
2023-08-25 00:00;15.2138
2023-08-26 00:00;15.2121
2023-08-27 00:00;15.2071
2023-08-28 00:00;15.2037
2023-08-29 00:00;15.1969
2023-08-30 00:00;15.195
2023-08-31 00:00;15.1915
2023-09-01 00:00;15.188
2023-09-02 00:00;15.1957
2023-09-03 00:00;15.2081
2023-09-04 00:00;15.2116
2023-09-05 00:00;15.2103
2023-09-06 00:00;15.1979
2023-09-07 00:00;15.1976
2023-09-08 00:00;15.1982
2023-09-09 00:00;15.1958
2023-09-10 00:00;15.1941
2023-09-11 00:00;15.1909
2023-09-12 00:00;15.1888
2023-09-13 00:00;15.1801
2023-09-14 00:00;15.1709
2023-09-15 00:00;15.1658
2023-09-16 00:00;15.1627
2023-09-17 00:00;15.1559
2023-09-18 00:00;15.1537
2023-09-19 00:00;15.1608
2023-09-20 00:00;15.1492
2023-09-21 00:00;15.141
2023-09-22 00:00;15.1394
2023-09-23 00:00;15.1314
2023-09-24 00:00;15.1219
2023-09-25 00:00;15.116
2023-09-26 00:00;15.1126
2023-09-27 00:00;15.1108
2023-09-28 00:00;15.1078
2023-09-29 00:00;15.1058
2023-09-30 00:00;15.1023
2023-10-01 00:00;15.0931
2023-10-02 00:00;15.0906
2023-10-03 00:00;15.091
2023-10-04 00:00;15.0848
2023-10-05 00:00;15.0766
2023-10-06 00:00;15.0795
2023-10-07 00:00;15.0724
2023-10-08 00:00;15.0619
2023-10-09 00:00;15.0598
2023-10-10 00:00;15.0577
2023-10-11 00:00;15.063
2023-10-12 00:00;15.0522
2023-10-13 00:00;15.0485
2023-10-14 00:00;15.0562
2023-10-15 00:00;15.0481
2023-10-16 00:00;15.0447
2023-10-17 00:00;15.0467
2023-10-18 00:00;15.0423
2023-10-19 00:00;15.0412
2023-10-20 00:00;15.0398
2023-10-21 00:00;15.0434
2023-10-22 00:00;15.0473
2023-10-23 00:00;15.0484
2023-10-24 00:00;15.0466
2023-10-25 00:00;15.0502
2023-10-26 00:00;15.0535
2023-10-27 00:00;15.053
2023-10-28 00:00;15.0477
2023-10-29 00:00;15.0455
2023-10-30 00:00;15.0462
2023-10-31 00:00;15.0749
2023-11-01 00:00;15.1781
2023-11-02 00:00;15.2614
2023-11-03 00:00;15.3028
2023-11-04 00:00;15.3774
2023-11-05 00:00;15.4696
2023-11-06 00:00;15.5027
2023-11-07 00:00;15.5231
2023-11-08 00:00;15.5697
2023-11-09 00:00;15.6911
2023-11-10 00:00;15.8324
2023-11-11 00:00;15.9043
2023-11-12 00:00;15.945
2023-11-13 00:00;15.9751
2023-11-14 00:00;15.9874
2023-11-15 00:00;15.9739
2023-11-16 00:00;15.9766
2023-11-17 00:00;15.9879
2023-11-18 00:00;15.9948
2023-11-19 00:00;16.0199
2023-11-20 00:00;16.0024
2023-11-21 00:00;15.9676
2023-11-22 00:00;16.0144
2023-11-23 00:00;16.124
2023-11-24 00:00;16.0976
2023-11-25 00:00;16.0462
2023-11-26 00:00;16.0435
2023-11-27 00:00;16.0322
2023-11-28 00:00;16.0688
2023-11-29 00:00;16.0257
2023-11-30 00:00;16.0065
2023-12-01 00:00;16
2023-12-02 00:00;15.9707
2023-12-03 00:00;15.9511
2023-12-04 00:00;15.9454
2023-12-05 00:00;15.925
2023-12-06 00:00;15.9032
2023-12-07 00:00;15.8948
2023-12-08 00:00;15.8923
2023-12-09 00:00;15.8865
2023-12-10 00:00;15.8774
2023-12-11 00:00;15.8687
2023-12-12 00:00;15.8395
2023-12-13 00:00;15.8222
2023-12-14 00:00;15.7981
2023-12-15 00:00;15.7901
2023-12-16 00:00;15.8042
2023-12-17 00:00;15.9573
2023-12-18 00:00;16.1401
2023-12-19 00:00;16.3042
2023-12-20 00:00;16.3417
2023-12-21 00:00;16.3737
2023-12-22 00:00;16.3604
2023-12-23 00:00;16.3077
2023-12-24 00:00;16.3015
2023-12-25 00:00;16.3261
2023-12-26 00:00;16.2638
2023-12-27 00:00;16.2079
2023-12-28 00:00;16.2441
2023-12-29 00:00;16.2833
2023-12-30 00:00;16.2419
2023-12-31 00:00;16.1905
2024-01-01 00:00;16.2088
2024-01-02 00:00;16.2089
2024-01-03 00:00;16.2179
2024-01-04 00:00;16.1985
2024-01-05 00:00;16.1677
2024-01-06 00:00;16.1216
2024-01-07 00:00;16.0839
2024-01-08 00:00;16.0855
2024-01-09 00:00;16.0872
2024-01-10 00:00;16.0766
2024-01-11 00:00;16.052
2024-01-12 00:00;16.0596
2024-01-13 00:00;16.084
2024-01-14 00:00;16.0745
2024-01-15 00:00;16.0314
2024-01-16 00:00;15.9674
2024-01-17 00:00;15.9865
2024-01-18 00:00;15.968
2024-01-19 00:00;15.8899
2024-01-20 00:00;15.8392
2024-01-21 00:00;15.8566
2024-01-22 00:00;15.9298
2024-01-23 00:00;16.134
2024-01-24 00:00;16.3669
2024-01-25 00:00;16.3414
2024-01-26 00:00;16.3871
2024-01-27 00:00;16.3613
2024-01-28 00:00;16.3755
2024-01-29 00:00;16.4963
2024-01-30 00:00;16.5104
2024-01-31 00:00;16.5635
2024-02-01 00:00;16.5798
2024-02-02 00:00;16.5382
2024-02-03 00:00;16.5567
2024-02-04 00:00;16.5367
2024-02-05 00:00;16.4926
2024-02-06 00:00;16.4574
2024-02-07 00:00;16.4349
2024-02-08 00:00;16.3844
2024-02-09 00:00;16.3336
2024-02-10 00:00;16.3066
2024-02-11 00:00;16.2833
2024-02-12 00:00;16.2629
2024-02-13 00:00;16.2448
2024-02-14 00:00;16.189
2024-02-15 00:00;16.165
2024-02-16 00:00;16.2774
2024-02-17 00:00;16.5588
2024-02-18 00:00;16.5719
2024-02-19 00:00;16.5864
2024-02-20 00:00;16.5609
2024-02-21 00:00;16.5747
2024-02-22 00:00;16.6134
2024-02-23 00:00;16.6369
2024-02-24 00:00;16.5957
2024-02-25 00:00;16.5799
2024-02-26 00:00;16.5652
2024-02-27 00:00;16.5505
2024-02-28 00:00;16.5552
2024-02-29 00:00;16.5473
2024-03-01 00:00;16.5355
2024-03-02 00:00;16.5238
2024-03-03 00:00;16.5097
2024-03-04 00:00;16.4877
2024-03-05 00:00;16.4665
2024-03-06 00:00;16.4537
2024-03-07 00:00;16.4498
2024-03-08 00:00;16.4329
2024-03-09 00:00;16.41
2024-03-10 00:00;16.3807
2024-03-11 00:00;16.3667
2024-03-12 00:00;16.3522
2024-03-13 00:00;16.3356
2024-03-14 00:00;16.3421
2024-03-15 00:00;16.3125
2024-03-16 00:00;16.3062
2024-03-17 00:00;16.3341
2024-03-18 00:00;16.3746
2024-03-19 00:00;16.3805
2024-03-20 00:00;16.3795
2024-03-21 00:00;16.3674
2024-03-22 00:00;16.4124
2024-03-23 00:00;16.4026
2024-03-24 00:00;16.3615
2024-03-25 00:00;16.3191
2024-03-26 00:00;16.2954
2024-03-27 00:00;16.2962
2024-03-28 00:00;16.2912
2024-03-29 00:00;16.2831
2024-03-30 00:00;16.2545
2024-03-31 00:00;16.26
2024-04-01 00:00;16.2472
2024-04-02 00:00;16.2168
2024-04-03 00:00;16.1832
2024-04-04 00:00;16.1487
2024-04-05 00:00;16.1658
2024-04-06 00:00;16.1603
2024-04-07 00:00;16.2264
2024-04-08 00:00;16.2147
2024-04-09 00:00;16.1941
2024-04-10 00:00;16.1882
2024-04-11 00:00;16.1477
2024-04-12 00:00;16.1301
2024-04-13 00:00;16.1383
2024-04-14 00:00;16.1718
2024-04-15 00:00;16.266
2024-04-16 00:00;16.3368
2024-04-17 00:00;16.3118
2024-04-18 00:00;16.2771
2024-04-19 00:00;16.2745
2024-04-20 00:00;16.2333
2024-04-21 00:00;16.1674
2024-04-22 00:00;16.1807
2024-04-23 00:00;16.1977
2024-04-24 00:00;16.1636
2024-04-25 00:00;16.138
2024-04-26 00:00;16.1302
2024-04-27 00:00;16.1712
2024-04-28 00:00;16.1901
2024-04-29 00:00;16.2024
2024-04-30 00:00;16.1612
2024-05-01 00:00;16.1569
2024-05-02 00:00;16.1509
2024-05-03 00:00;16.1347
2024-05-04 00:00;16.118
2024-05-05 00:00;16.0935
2024-05-06 00:00;16.0542
2024-05-07 00:00;16.0101
2024-05-08 00:00;15.9812
2024-05-09 00:00;15.9973
2024-05-10 00:00;15.9717
2024-05-11 00:00;15.939
2024-05-12 00:00;15.9256
2024-05-13 00:00;15.9091
2024-05-14 00:00;15.886
2024-05-15 00:00;15.8575
2024-05-16 00:00;15.8281
2024-05-17 00:00;15.807
2024-05-18 00:00;15.7905
2024-05-19 00:00;15.7702
2024-05-20 00:00;15.7245
2024-05-21 00:00;15.7023
2024-05-22 00:00;15.6845
2024-05-23 00:00;15.6657
2024-05-24 00:00;15.6484
2024-05-25 00:00;15.6262
2024-05-26 00:00;15.6055
2024-05-27 00:00;15.5918
2024-05-28 00:00;15.5739
2024-05-29 00:00;15.5569
2024-05-30 00:00;15.5357
2024-05-31 00:00;15.512
2024-06-01 00:00;15.4924
2024-06-02 00:00;15.4771
2024-06-03 00:00;15.4642
2024-06-04 00:00;15.4399
2024-06-05 00:00;15.4258
2024-06-06 00:00;15.4056
2024-06-07 00:00;15.3901
2024-06-08 00:00;15.3805
2024-06-09 00:00;15.3793
2024-06-10 00:00;15.371
2024-06-11 00:00;15.3532
2024-06-12 00:00;15.3391
2024-06-13 00:00;15.3326
2024-06-14 00:00;15.3209
2024-06-15 00:00;15.3104
2024-06-16 00:00;15.3011
2024-06-17 00:00;15.2889
2024-06-18 00:00;15.28
2024-06-19 00:00;15.271
2024-06-20 00:00;15.258
2024-06-21 00:00;15.244
2024-06-22 00:00;15.2352
2024-06-23 00:00;15.227
2024-06-24 00:00;15.2117
2024-06-25 00:00;15.2001
2024-06-26 00:00;15.1896
2024-06-27 00:00;15.1788
2024-06-28 00:00;15.171
2024-06-29 00:00;15.1656
2024-06-30 00:00;15.1616
2024-07-01 00:00;15.1643
2024-07-02 00:00;15.158
2024-07-03 00:00;15.1571
2024-07-04 00:00;15.1509
2024-07-05 00:00;15.1448
2024-07-06 00:00;15.1375
2024-07-07 00:00;15.1401
2024-07-08 00:00;15.1315
2024-07-09 00:00;15.1258
2024-07-10 00:00;15.1194
2024-07-11 00:00;15.1209
2024-07-12 00:00;15.1119
2024-07-13 00:00;15.1046
2024-07-14 00:00;15.1064
2024-07-15 00:00;15.0957
2024-07-16 00:00;15.0874
2024-07-17 00:00;15.0879
2024-07-18 00:00;15.0827
2024-07-19 00:00;15.0711
2024-07-20 00:00;15.0635
2024-07-21 00:00;15.0593
2024-07-22 00:00;15.0536
2024-07-23 00:00;15.0478
2024-07-24 00:00;15.0404
2024-07-25 00:00;15.0356
2024-07-26 00:00;15.0273
2024-07-27 00:00;15.0235
2024-07-28 00:00;15.0154
2024-07-29 00:00;15.0082
2024-07-30 00:00;15.003
2024-07-31 00:00;14.9989
2024-08-01 00:00;14.9933
2024-08-02 00:00;14.9872
2024-08-03 00:00;14.9828
2024-08-04 00:00;14.9801
2024-08-05 00:00;14.9768
2024-08-06 00:00;14.9702
2024-08-07 00:00;14.9644
2024-08-08 00:00;14.9616
2024-08-09 00:00;14.9571
2024-08-10 00:00;14.9545
2024-08-11 00:00;14.9479
2024-08-12 00:00;14.9416
2024-08-13 00:00;14.9365
2024-08-14 00:00;14.9317
2024-08-15 00:00;14.9278
2024-08-16 00:00;14.9235
2024-08-17 00:00;14.9188
2024-08-18 00:00;14.914
2024-08-19 00:00;14.9094
2024-08-20 00:00;14.9047
2024-08-21 00:00;14.9015
2024-08-22 00:00;14.8988
2024-08-23 00:00;14.8944
2024-08-24 00:00;14.8897
2024-08-25 00:00;14.8855
2024-08-26 00:00;14.8807
2024-08-27 00:00;14.8764
2024-08-28 00:00;14.8726
2024-08-29 00:00;14.8689
2024-08-30 00:00;14.8657
2024-08-31 00:00;14.8614
2024-09-01 00:00;14.8579
2024-09-02 00:00;14.8574
2024-09-03 00:00;14.8555
2024-09-04 00:00;14.8518
2024-09-05 00:00;14.8478
2024-09-06 00:00;14.8438
2024-09-07 00:00;14.8408
2024-09-08 00:00;14.8375
2024-09-09 00:00;14.8342
2024-09-10 00:00;14.8322
2024-09-11 00:00;14.8311
2024-09-12 00:00;14.8312
2024-09-13 00:00;14.8296
2024-09-14 00:00;14.8275
2024-09-15 00:00;14.825
2024-09-16 00:00;14.8224
2024-09-17 00:00;14.8199
2024-09-18 00:00;14.8175
2024-09-19 00:00;14.8151
2024-09-20 00:00;14.8123
2024-09-21 00:00;14.8093
2024-09-22 00:00;14.8069
2024-09-23 00:00;14.8046
2024-09-24 00:00;14.8023
2024-09-25 00:00;14.8005
2024-09-26 00:00;14.7975
2024-09-27 00:00;14.7966
2024-09-28 00:00;14.7965
2024-09-29 00:00;14.7955
2024-09-30 00:00;14.7941
2024-10-01 00:00;14.7931
2024-10-02 00:00;14.792
2024-10-03 00:00;14.7908
2024-10-04 00:00;14.7897
2024-10-05 00:00;14.7879
2024-10-06 00:00;14.7867
2024-10-07 00:00;14.7849
2024-10-08 00:00;14.784
2024-10-09 00:00;14.7844
2024-10-10 00:00;14.7923
2024-10-11 00:00;14.8226
2024-10-12 00:00;14.8385
2024-10-13 00:00;14.8429
2024-10-14 00:00;14.844
2024-10-15 00:00;14.8435
2024-10-16 00:00;14.8422
2024-10-17 00:00;14.8416
2024-10-18 00:00;14.8406
2024-10-19 00:00;14.8395
2024-10-20 00:00;14.8388
2024-10-21 00:00;14.8381
2024-10-22 00:00;14.8362
2024-10-23 00:00;14.8345
2024-10-24 00:00;14.833
2024-10-25 00:00;14.8316
2024-10-26 00:00;14.8302
2024-10-27 00:00;14.8292
2024-10-28 00:00;14.8274
2024-10-29 00:00;14.8256
2024-10-30 00:00;14.8245
2024-10-31 00:00;14.8233
2024-11-01 00:00;14.8224
2024-11-02 00:00;14.8192
2024-11-03 00:00;14.8191
2024-11-04 00:00;14.8176
2024-11-05 00:00;14.8159
2024-11-06 00:00;14.816
2024-11-07 00:00;14.8147
2024-11-08 00:00;14.8137
2024-11-09 00:00;14.8125
2024-11-10 00:00;14.8116
2024-11-11 00:00;14.8105
2024-11-12 00:00;14.809
2024-11-13 00:00;14.8085
2024-11-14 00:00;14.8074
2024-11-15 00:00;14.8062
2024-11-16 00:00;14.8057
2024-11-17 00:00;14.8045
2024-11-18 00:00;14.8025
2024-11-19 00:00;14.8011
2024-11-20 00:00;14.8004
2024-11-21 00:00;14.7994
2024-11-22 00:00;14.7977
2024-11-23 00:00;14.7963
2024-11-24 00:00;14.7953
2024-11-25 00:00;14.807
2024-11-26 00:00;14.8323
2024-11-27 00:00;14.8485
2024-11-28 00:00;14.8636
2024-11-29 00:00;14.8769
2024-11-30 00:00;14.8866
2024-12-01 00:00;14.8933
2024-12-02 00:00;14.9002
2024-12-03 00:00;14.918
2024-12-04 00:00;14.9505
2024-12-05 00:00;14.9726
2024-12-06 00:00;14.984
2024-12-07 00:00;14.989
2024-12-08 00:00;14.9901
2024-12-09 00:00;14.9928
2024-12-10 00:00;15.0016
2024-12-11 00:00;15.0058
2024-12-12 00:00;15.0085
2024-12-13 00:00;15.014
2024-12-14 00:00;15.0235
2024-12-15 00:00;15.0257
2024-12-16 00:00;15.0365
2024-12-17 00:00;15.0418
2024-12-18 00:00;15.0554
2024-12-19 00:00;15.0763
2024-12-20 00:00;15.0954
2024-12-21 00:00;15.1143
2024-12-22 00:00;15.1499
2024-12-23 00:00;15.2071
2024-12-24 00:00;15.2431
2024-12-25 00:00;15.2718
2024-12-26 00:00;15.2927
2024-12-27 00:00;15.313
2024-12-28 00:00;15.3352
2024-12-29 00:00;15.3546
2024-12-30 00:00;15.3586
2024-12-31 00:00;15.3669
2025-01-01 00:00;15.3975
2025-01-02 00:00;15.3871
2025-01-03 00:00;15.3865
2025-01-04 00:00;15.382
2025-01-05 00:00;15.3841
2025-01-06 00:00;15.3932
2025-01-07 00:00;15.4042
2025-01-08 00:00;15.3972
2025-01-09 00:00;15.3847
2025-01-10 00:00;15.3797
2025-01-11 00:00;15.3774
2025-01-12 00:00;15.3647
2025-01-13 00:00;15.3903
2025-01-14 00:00;15.4156
2025-01-15 00:00;15.4607
2025-01-16 00:00;15.5186
2025-01-17 00:00;15.5936
2025-01-18 00:00;15.6652
2025-01-19 00:00;15.7224
2025-01-20 00:00;15.7505
2025-01-21 00:00;15.7903
2025-01-22 00:00;15.8256
2025-01-23 00:00;15.8614
2025-01-24 00:00;15.9174
2025-01-25 00:00;15.9896
2025-01-26 00:00;16.0028
2025-01-27 00:00;16.0306
2025-01-28 00:00;16.0538
2025-01-29 00:00;16.1194
2025-01-30 00:00;16.2191
2025-01-31 00:00;16.2449
2025-02-01 00:00;16.2487
2025-02-02 00:00;16.2657
2025-02-03 00:00;16.2532
2025-02-04 00:00;16.2588
2025-02-05 00:00;16.2507
2025-02-06 00:00;16.1926
2025-02-07 00:00;16.2041
2025-02-08 00:00;16.2299
2025-02-09 00:00;16.2198
2025-02-10 00:00;16.1938
2025-02-11 00:00;16.1862
2025-02-12 00:00;16.1933
2025-02-13 00:00;16.1745
2025-02-14 00:00;16.1483
2025-02-15 00:00;16.1228
2025-02-16 00:00;16.0977
2025-02-17 00:00;16.0778
2025-02-18 00:00;16.0367
2025-02-19 00:00;15.9971
2025-02-20 00:00;15.9836
2025-02-21 00:00;15.9847
2025-02-22 00:00;15.9635
2025-02-23 00:00;15.9552
2025-02-24 00:00;15.98
2025-02-25 00:00;16.0204
2025-02-26 00:00;16.0276
2025-02-27 00:00;16.0293
2025-02-28 00:00;16.0239
2025-03-01 00:00;16.0277
2025-03-02 00:00;16.0502
2025-03-03 00:00;16.0577
2025-03-04 00:00;16.0413
2025-03-05 00:00;16.044
2025-03-06 00:00;16.0049
2025-03-07 00:00;15.9571
2025-03-08 00:00;15.9493
2025-03-09 00:00;15.9532
2025-03-10 00:00;15.9622
2025-03-11 00:00;15.9463
2025-03-12 00:00;15.9306
2025-03-13 00:00;15.9167
2025-03-14 00:00;15.8806
2025-03-15 00:00;15.8549
2025-03-16 00:00;15.8414
2025-03-17 00:00;15.8118
2025-03-18 00:00;15.8188
2025-03-19 00:00;15.8012
2025-03-20 00:00;15.7929
2025-03-21 00:00;15.751
2025-03-22 00:00;15.7413
2025-03-23 00:00;15.7485
2025-03-24 00:00;15.7667
2025-03-25 00:00;15.7575
2025-03-26 00:00;15.7132
2025-03-27 00:00;15.7119
2025-03-28 00:00;15.7003
2025-03-29 00:00;15.6782
2025-03-30 00:00;15.6696
2025-03-31 00:00;15.6332
2025-04-01 00:00;15.6118
2025-04-02 00:00;15.6092
2025-04-03 00:00;15.614
2025-04-04 00:00;15.6011
2025-04-05 00:00;15.5829
2025-04-06 00:00;15.5762
2025-04-07 00:00;15.5622
2025-04-08 00:00;15.5533
2025-04-09 00:00;15.5536
2025-04-10 00:00;15.5499
2025-04-11 00:00;15.5407
2025-04-12 00:00;15.5249
2025-04-13 00:00;15.5128
2025-04-14 00:00;15.504
2025-04-15 00:00;15.4765
2025-04-16 00:00;15.475
2025-04-17 00:00;15.4647
2025-04-18 00:00;13.0534
2025-04-19 00:00;15.4495
2025-04-20 00:00;15.4466
2025-04-21 00:00;15.4301
2025-04-22 00:00;15.4219
2025-04-23 00:00;15.4166
2025-04-24 00:00;15.4083
2025-04-25 00:00;15.4012
2025-04-26 00:00;15.3938
2025-04-27 00:00;15.3952
2025-04-28 00:00;15.4006
2025-04-29 00:00;15.3852
2025-04-30 00:00;15.3793
2025-05-01 00:00;15.3732
2025-05-02 00:00;15.3843
2025-05-03 00:00;15.3682
2025-05-04 00:00;15.3511
2025-05-05 00:00;15.3453
2025-05-06 00:00;15.3346
2025-05-07 00:00;15.3237
2025-05-08 00:00;15.3214
2025-05-09 00:00;15.3177
2025-05-10 00:00;15.307
2025-05-11 00:00;15.3042
2025-05-12 00:00;15.3006
2025-05-13 00:00;15.2971
2025-05-14 00:00;15.2921
2025-05-15 00:00;15.2828
2025-05-16 00:00;15.2754
2025-05-17 00:00;15.2703
2025-05-18 00:00;15.2634
2025-05-19 00:00;15.2601
2025-05-20 00:00;15.2555
2025-05-21 00:00;15.2515
2025-05-22 00:00;15.2517
2025-05-23 00:00;15.2509
2025-05-24 00:00;15.2428
2025-05-25 00:00;15.2425
2025-05-26 00:00;15.2389
2025-05-27 00:00;15.2302
2025-05-28 00:00;15.2259
2025-05-29 00:00;15.2183
2025-05-30 00:00;15.2162
2025-05-31 00:00;15.2048
2025-06-01 00:00;15.2005
2025-06-02 00:00;15.1991
2025-06-03 00:00;15.1881
2025-06-04 00:00;15.1847
2025-06-05 00:00;15.1783
2025-06-06 00:00;15.1755
2025-06-07 00:00;15.1704
2025-06-08 00:00;15.1617
2025-06-09 00:00;15.1561
2025-06-10 00:00;15.15
2025-06-11 00:00;15.1499
2025-06-12 00:00;15.1565
2025-06-13 00:00;15.1568
2025-06-14 00:00;15.1569
2025-06-15 00:00;15.1538
2025-06-16 00:00;15.1482
2025-06-17 00:00;15.14
2025-06-18 00:00;15.1345
2025-06-19 00:00;15.126
2025-06-20 00:00;15.1174
2025-06-21 00:00;15.1154
2025-06-22 00:00;15.107
2025-06-23 00:00;15.1136
2025-06-24 00:00;15.1109
2025-06-25 00:00;15.0992
2025-06-26 00:00;15.0898
2025-06-27 00:00;15.0888
2025-06-28 00:00;15.0833
2025-06-29 00:00;15.0796
2025-06-30 00:00;15.0692
2025-07-01 00:00;15.0652
2025-07-02 00:00;15.0617
2025-07-03 00:00;15.0621
2025-07-04 00:00;15.0534
2025-07-05 00:00;14.0537
2025-07-06 00:00;12.5537
2025-07-07 00:00;12.0484
2025-07-08 00:00;12.0484
2025-07-09 00:00;12.0484
2025-07-10 00:00;12.5537
2025-07-11 00:00;13.0534
2025-07-12 00:00;13.0534
2025-07-13 00:00;13.0534
2025-07-14 00:00;15.0187
2025-07-15 00:00;15.0164
2025-07-16 00:00;15.0117
2025-07-17 00:00;15.0048
2025-07-18 00:00;14.9995
2025-07-19 00:00;14.9953
2025-07-20 00:00;14.9902
2025-07-21 00:00;14.9855
2025-07-22 00:00;14.9808
2025-07-23 00:00;14.9762
2025-07-24 00:00;14.9709
2025-07-25 00:00;14.9663
2025-07-26 00:00;14.9621
2025-07-27 00:00;14.9566
2025-07-28 00:00;14.9522
2025-07-29 00:00;14.9532
2025-07-30 00:00;14.9483
2025-07-31 00:00;14.9469
2025-08-01 00:00;14.9465
2025-08-02 00:00;15.052
2025-08-03 00:00;15.0922
2025-08-04 00:00;15.0697
2025-08-05 00:00;15.0512
2025-08-06 00:00;15.0333
2025-08-07 00:00;15.0165
2025-08-08 00:00;15.0048
2025-08-09 00:00;14.9938
2025-08-10 00:00;14.9856
2025-08-11 00:00;14.976
2025-08-12 00:00;14.969
2025-08-13 00:00;14.9619
2025-08-14 00:00;13.0534
2025-08-15 00:00;14.9529
2025-08-16 00:00;14.9477
2025-08-17 00:00;14.9422
2025-08-18 00:00;14.9374
2025-08-19 00:00;14.9345
2025-08-20 00:00;14.9299
2025-08-21 00:00;14.9264
2025-08-22 00:00;14.9236
2025-08-23 00:00;14.9214
2025-08-24 00:00;14.9186
2025-08-25 00:00;14.9148
2025-08-26 00:00;14.9112
2025-08-27 00:00;14.9073
2025-08-28 00:00;14.9051
2025-08-29 00:00;14.9038
2025-08-30 00:00;14.9013
2025-08-31 00:00;14.8975
2025-09-01 00:00;14.8948
2025-09-02 00:00;14.8921
2025-09-03 00:00;14.8895
2025-09-04 00:00;14.8867
2025-09-05 00:00;14.884
2025-09-06 00:00;14.882
2025-09-07 00:00;14.8794
2025-09-08 00:00;14.877
